Sigma,MLP_Accuracy
0.0,0.5034444444444445
0.05,0.508
0.1,0.49844444444444447
0.2,0.5051111111111111
0.3,0.49866666666666665
0.5,0.49855555555555553
