Sigma,Mean_Accuracy,Std_Accuracy
0.0,0.5004,0.0038870471829486925
0.05,0.5099777777777778,0.0025438378704452083
0.1,0.4995333333333334,0.002095733467173767
0.2,0.5037333333333334,0.003302524287066891
0.3,0.5031111111111111,0.0056055528025540985
0.5,0.504511111111111,0.005554933298484994
