CRP_Count,Logistic_Accuracy,MLP_Accuracy
1000,0.4666666666666667,0.53
5000,0.49266666666666664,0.494
10000,0.5126666666666667,0.5003333333333333
20000,0.5071666666666667,0.5036666666666667
50000,0.497,0.5066666666666667
