XOR_Order,Logistic_Accuracy,MLP_Accuracy
1,0.5356666666666666,0.5932222222222222
2,0.5634444444444444,0.5227777777777778
3,0.5061111111111111,0.5034444444444445
4,0.49855555555555553,0.49622222222222223
5,0.5081111111111111,0.5018888888888889
